full_name,email,address
Virgina Radke,virgina.radke.superkewlparent@gmail.com,"998 Chevis Rd, Savannah, GA 31419"
Dorothy Bryan,dorothy.bryan@gmail.com,"613 Bloomingdale Rd, Bloomingdale, GA 31302"
Sandra Hollingsworth,sandra.hollingsworth.1@gmail.com,"106 Terrell Mill Rd, Savannah, GA 31419"
David Elkins,david.elkins.1@gmail.com,"1599 Chatham Pkwy, Garden City, GA 31408"
Douglas Galindo,douglas.galindo@gmail.com,"2215 Grove Point Rd, Savannah, GA 31419"
Michael Fields,michael.fields@gmail.com,"252 Harmony Blvd, Pooler, GA 31322"
Robert Kelly,robert.kelly.1@gmail.com,"178 Little River Dr, Savannah, GA 31419"
William Warren,william.warren.99@gmail.com,"299 Cockle Shell Rd, Savannah, GA 31419"
George Goins,george.goins.1@gmail.com,"48 Olde Gate Ct, Pooler, GA 31322"
Thu Hill,thu.hill.420@gmail.com,"307 Ogeechee Rd, Savannah, GA 31405"
Heather Garcia,heather.garcia.1@gmail.com,"463 Bush Rd, Savannah, GA 31419"
Ron Crespo,ron.crespo@gmail.com,"420 Bush Rd, Savannah, GA 31419"
Phillip Conway,phillip.conway.1@gmail.com,"530 Woodley Rd, Savannah, GA 31419"
Alice Gary,alice.gary.420@gmail.com,"5529 Export Blvd, Garden City, GA 31408"
Sarah Jones,sarah.jones.420@gmail.com,"1401 Cedar Grove Plantation Dr, Savannah, GA 31419"
Carol Beatty,carol.beatty.superkewlparent@gmail.com,"6 Lake Shore Ct, Savannah, GA 31419"
Annie Trammell,annie.trammell.420@gmail.com,"198 Mallard Dr, Savannah, GA 31419"
Ellen Roy,ellen.roy.1@gmail.com,"1524 Dean Forest Rd, Savannah, GA 31408"
Gary William,gary.william@gmail.com,"4 Duckbill Chase, Savannah, GA 31419"
Danny Pugh,danny.pugh@gmail.com,"61 Fiore Dr, Savannah, GA 31419"
Freddie Holman,freddie.holman.420@gmail.com,"939 Chevis Rd, Savannah, GA 31419"
Wendy Coley,wendy.coley.superkewlparent@gmail.com,"1004 Pine Meadow Dr, Pooler, GA 31322"
Raymond Davis,raymond.davis.superkewlparent@gmail.com,"98 Southern Oaks Dr, Savannah, GA 31405"
Sherie Galbreath,sherie.galbreath.1@gmail.com,"4526 Acl Blvd, Savannah, GA 31405"
Clyde Saunders,clyde.saunders@gmail.com,"192 Waynesboro Rd, Savannah, GA 31419"
Cathy Mcannally,cathy.mcannally.99@gmail.com,"2299 Grove Point Rd, Savannah, GA 31419"
Ella Zahri,ella.zahri@gmail.com,"12599 Deerfield Rd, Savannah, GA 31419"
Justin Bennett,justin.bennett@gmail.com,"110 Somersby Blvd, Pooler, GA 31322"
Tempie Long,tempie.long.1@gmail.com,"799 White Bluff Ave, Savannah, GA 31419"
Terry Crook,terry.crook@gmail.com,"121 Parsons Ave, Pooler, GA 31322"
Patricia Hagan,patricia.hagan@gmail.com,"165 Distribution Dr, Pooler, GA 31322"
Michael Mcclain,michael.mcclain@gmail.com,"65 B Butler Rd, Savannah, GA 31419"
Amy Liebl,amy.liebl@gmail.com,"54 Sonny Perdue Dr, Garden City, GA 31408"
Rusty Singleton,rusty.singleton@gmail.com,"573 Silk Hope Dr, Richmond Hill, GA 31324"
Fred Chugg,fred.chugg@gmail.com,"98 Dalry Ln, Savannah, GA 31419"
David Bennett,david.bennett@gmail.com,"15 Jamica Run Rd, Garden City, GA 31408"
Jack Jarvis,jack.jarvis.420@gmail.com,"18 Julliard Ct, Savannah, GA 31419"
Clarice Taylor,clarice.taylor@gmail.com,"400 Airways Ave, Savannah, GA 31408"
Dorothy Fillers,dorothy.fillers.1@gmail.com,"226 Longleaf Cir, Pooler, GA 31322"
Katherine Son,katherine.son.1@gmail.com,"29 Windsor on the Marsh, Savannah, GA 31419"
Gina Hopkins,gina.hopkins.1@gmail.com,"1801 Little Neck Rd, Bloomingdale, GA 31302"
Sara Futch,sara.futch@gmail.com,"414 Pine St, Bloomingdale, GA 31302"
Maria Hampton,maria.hampton.99@gmail.com,"120 Keswick Ln, Savannah, GA 31419"
David Ford,david.ford.1@gmail.com,"1699 Chatham Pkwy, Savannah, GA 31405"
Juan Isaacs,juan.isaacs.99@gmail.com,"4410 Ogeechee Rd, Savannah, GA 31405"
Vanessa Nash,vanessa.nash@gmail.com,"1843 N Lightning Rd, Savannah, GA 31406"
Albertine Nichols,albertine.nichols@gmail.com,"14 Madison Ave, Pooler, GA 31322"
Sabrina Ellis,sabrina.ellis@gmail.com,"118 Sanctuary Cross, Savannah, GA 31419"
Hiram Trible,hiram.trible@gmail.com,"105 S H Morgan Pkwy, Bloomingdale, GA 31302"
Carmen Franca,carmen.franca@gmail.com,"1291 Little Neck Rd, Savannah, GA 31419"
Bettye Ralston,bettye.ralston@gmail.com,"136 Shore Rd, Savannah, GA 31419"
Shirley Horton,shirley.horton@gmail.com,"136 Wallace Dr, Bloomingdale, GA 31302"
Patrick Worthington,patrick.worthington.superkewlparent@gmail.com,"342 Little Lulu Ln, Richmond Hill, GA 31324"
John Billings,john.billings@gmail.com,"56 Park of Commerce Blvd, Savannah, GA 31405"
Carolyn Anthony,carolyn.anthony@gmail.com,"5240 Old Louisville Rd building 40, Pooler, GA 31322"
Michael Lindsey,michael.lindsey.superkewlparent@gmail.com,"121 Red Gate Farms Trail, Savannah, GA 31405"
Rosa Darring,rosa.darring.420@gmail.com,"98 Shetland Ct, Savannah, GA 31419"
Joe Johnston,joe.johnston.superkewlparent@gmail.com,"200 Mosaic Cir, Pooler, GA 31322"
Henry Rose,henry.rose.1@gmail.com,"914 Bloomingdale Rd, Bloomingdale, GA 31302"
Rosemarie Gray,rosemarie.gray.1@gmail.com,"330 Cottonvale Rd, Savannah, GA 31405"
Janet Faustini,janet.faustini@gmail.com,"122 Salt Creek Rd, Garden City, GA 31405"
James Gray,james.gray@gmail.com,"269 McQueen Dr, Pooler, GA 31322"
Mark Cole,mark.cole@gmail.com,"684 Fort Argyle Rd, Savannah, GA 31419"
Eleanor Strong,eleanor.strong.1@gmail.com,"130 Al Henderson Blvd, Savannah, GA 31419"
Lisa Boles,lisa.boles@gmail.com,"4 Kestrel Ct, Savannah, GA 31405"
Brian Johnson,brian.johnson.99@gmail.com,"1824 Pine Barren Rd, Bloomingdale, GA 31302"
James Smith,james.smith@gmail.com,"1449 Quacco Rd, Pooler, GA 31322"
Victor Carson,victor.carson.99@gmail.com,"2 Honey Bee Rd, Savannah, GA 31419"
Melissa Benjamin,melissa.benjamin@gmail.com,"309 Burnt Pine Ct, Bloomingdale, GA 31302"
Anthony Preister,anthony.preister@gmail.com,"199 Grove Point Island Rd, Savannah, GA 31419"
Mike Latney,mike.latney.420@gmail.com,"126 Gignilliat Cir, Savannah, GA 31408"
Linda Scott,linda.scott.420@gmail.com,"1135 Dean Forest Rd, Savannah, GA 31405"
Mildred Henderson,mildred.henderson@gmail.com,"36 Sandown Rd, Savannah, GA 31419"
Wesley Adams,wesley.adams.1@gmail.com,"199 Oxford Rd, Savannah, GA 31419"
Mary Davis,mary.davis@gmail.com,"1121 Walden Ln, Savannah, GA 31405"
John Jeanbaptiste,john.jeanbaptiste@gmail.com,"489 Garden Acres Way, Pooler, GA 31322"
John Smith,john.smith@gmail.com,"694 Pine Barren Rd, Pooler, GA 31322"
Josephine Calendine,josephine.calendine@gmail.com,"116 Cockle Shell Rd, Savannah, GA 31419"
Julian Malone,julian.malone.99@gmail.com,"139 Prosperity Dr, Garden City, GA 31408"
Donald Lewis,donald.lewis.superkewlparent@gmail.com,"1106 Fort Argyle Rd, Savannah, GA 31419"
Thomas Barba,thomas.barba@gmail.com,"5544 Garrard Ave, Savannah, GA 31405"
Norma Page,norma.page.99@gmail.com,"502 Hinesville Rd, Savannah, GA 31419"
Gary Gattison,gary.gattison.1@gmail.com,"229 Pine Barren Rd, Pooler, GA 31322"
Robbie Harriman,robbie.harriman@gmail.com,"172 Carlisle Way, Savannah, GA 31419"
Robert Gonzalez,robert.gonzalez@gmail.com,"157 Laurel Green Ct, Savannah, GA 31419"
Matthew Barnette,matthew.barnette.1@gmail.com,"2 Arkwright Ln, Savannah, GA 31419"
Shawn Mccullar,shawn.mccullar@gmail.com,"193 Lions Gate Rd, Savannah, GA 31419"
Todd Kidd,todd.kidd@gmail.com,"100 Sonny Perdue Dr, Garden City, GA 31408"
Anna Lucas,anna.lucas@gmail.com,"316 Lake Shore Dr, Savannah, GA 31419"
Sandy Dunlap,sandy.dunlap.1@gmail.com,"13203 Largo Dr, Savannah, GA 31419"
Maria Waitman,maria.waitman@gmail.com,"1304 Dean Forest Rd, Savannah, GA 31405"
Norman Dick,norman.dick@gmail.com,"474 Little Neck Rd, Savannah, GA 31419"
Jennifer Lamy,jennifer.lamy.superkewlparent@gmail.com,"120 Harvest Hl, Pooler, GA 31322"
Sara Reyes,sara.reyes.420@gmail.com,"4 Fort Argyle Ln, Savannah, GA 31419"
Elizabeth Hillsman,elizabeth.hillsman.99@gmail.com,"199 Blue Gill Ln, Pooler, GA 31322"
Matthew Spink,matthew.spink.superkewlparent@gmail.com,"52 Sherborne Ln, Savannah, GA 31419"
Manda Romo,manda.romo@gmail.com,"100 Ansford Dr, Garden City, GA 31408"
Cathryn Fortner,cathryn.fortner.superkewlparent@gmail.com,"198 Winding Way, Savannah, GA 31419"
William Delgado,william.delgado@gmail.com,"5998 Beverly St, Savannah, GA 31405"
Richard Spinney,richard.spinney.420@gmail.com,"57 Glennmary Ln W, Richmond Hill, GA 31324"
Cristen Martinez,cristen.martinez@gmail.com,"2 Wickham Rd, Glastonbury, CT 06033"
Kenneth Dugan,kenneth.dugan@gmail.com,"54 Opal Dr, Glastonbury, CT 06033"
Barbara Williams,barbara.williams@gmail.com,"2 Transit Ln, East Hartford, CT 06118"
Ralph Ashmore,ralph.ashmore@gmail.com,"56 Abbott Rd, Ellington, CT 06029"
Betty Rodriguez,betty.rodriguez.420@gmail.com,"23 Gordon Ln, East Hartford, CT 06118"
Julia Jordan,julia.jordan.99@gmail.com,"198 Seymour St, Windsor, CT 06095"
Carrie Baker,carrie.baker.99@gmail.com,"376 Main St, Manchester, CT 06040"
Summer Rodriguez,summer.rodriguez.superkewlparent@gmail.com,"72 Line St, Glastonbury, CT 06033"
Irvin Arrington,irvin.arrington@gmail.com,"19 Ryan Dr, Ellington, CT 06029"
Jeffrey Clark,jeffrey.clark@gmail.com,"52 Maple Ave, Vernon, CT 06066"
Mary Swayne,mary.swayne.420@gmail.com,"186 Main St, South Windsor, CT 06074"
David Cunningham,david.cunningham@gmail.com,"647 Ellington Rd, South Windsor, CT 06074"
Michael Shumate,michael.shumate@gmail.com,"33 Hockanum Blvd, Vernon, CT 06066"
Barry Griffith,barry.griffith@gmail.com,"580 Birch Mountain Rd, Manchester, CT 06040"
Ida Hamilton,ida.hamilton@gmail.com,"259 Pine St, Manchester, CT 06040"
Bobby Alessio,bobby.alessio@gmail.com,"120 Winthrop Rd, Manchester, CT 06040"
Carl Jack,carl.jack@gmail.com,"27 Brentmoor Rd, East Hartford, CT 06118"
Robert Ayala,robert.ayala@gmail.com,"128 Highland St, Manchester, CT 06040"
Rita Speaks,rita.speaks@gmail.com,"62 Barber Hill Rd, Broad Brook, CT 06016"
David Kirtland,david.kirtland@gmail.com,"56 Wappingwood Rd, Ellington, CT 06029"
Mark Spear,mark.spear@gmail.com,"346 Brookfield St, South Windsor, CT 06074"
Johanna Scott,johanna.scott.superkewlparent@gmail.com,"59 Pinney St, Ellington, CT 06029"
April Kaiser,april.kaiser@gmail.com,"70 Line St, Glastonbury, CT 06033"
Dana Ferri,dana.ferri.99@gmail.com,"99 Norman Dr, Glastonbury, CT 06033"
Jerome Wall,jerome.wall@gmail.com,"1 Wells St, Manchester, CT 06040"
John Garcia,john.garcia.superkewlparent@gmail.com,"1907 Main St, East Hartford, CT 06108"
Charles Mcgehee,charles.mcgehee.superkewlparent@gmail.com,"146 Penney Dr, East Hartford, CT 06118"
Sherry Mcgraw,sherry.mcgraw@gmail.com,"128 Sunnybrook Dr, Manchester, CT 06040"
Lorrie Schwantes,lorrie.schwantes@gmail.com,"592 Pleasant Valley Rd, South Windsor, CT 06074"
Esteban Pierce,esteban.pierce.superkewlparent@gmail.com,"7 Tinker Pond Rd, Bolton, CT 06043"
Sam Pollock,sam.pollock@gmail.com,"134 Brookfield St, Manchester, CT 06040"
Valeria Parker,valeria.parker@gmail.com,"1 Lindman St, Manchester, CT 06040"
Clarence Patterson,clarence.patterson.420@gmail.com,"476 Strong Rd, South Windsor, CT 06074"
Marjorie Smoot,marjorie.smoot.1@gmail.com,"38 Winton Rd, East Windsor, CT 06088"
Gregory Applebaum,gregory.applebaum.99@gmail.com,"100 Sunset Ridge Dr, East Hartford, CT 06118"
Sigrid Dedrick,sigrid.dedrick.superkewlparent@gmail.com,"309 Merline Rd, Vernon, CT 06066"
Carl Stevenson,carl.stevenson@gmail.com,"56 Schwier Rd, South Windsor, CT 06074"
Thomas Gardiner,thomas.gardiner@gmail.com,"160 Porter St, Manchester, CT 06040"
Edward Vincent,edward.vincent.1@gmail.com,"854 Parker St, Manchester, CT 06042"
John Patel,john.patel.1@gmail.com,"47 Middle Rd, Ellington, CT 06029"
Donna Cagle,donna.cagle.420@gmail.com,"39 Main St, South Windsor, CT 06074"
Mark Blodgett,mark.blodgett@gmail.com,"100 Hampton Dr, Manchester, CT 06040"
Tanna Garber,tanna.garber.1@gmail.com,"92 Wappingwood Rd, Ellington, CT 06029"
Mary Rodriques,mary.rodriques.420@gmail.com,"28 Middle Rd, Ellington, CT 06029"
Michelle Gebauer,michelle.gebauer@gmail.com,"994 Parker St, Manchester, CT 06042"
Jared Robertson,jared.robertson@gmail.com,"38 Bette Cir, Vernon, CT 06066"
Colleen Caballero,colleen.caballero@gmail.com,"240 Spencer St, Manchester, CT 06040"
John Rice,john.rice.1@gmail.com,"16 Longview Dr, Manchester, CT 06040"
Scott Anderson,scott.anderson@gmail.com,"1666 Ellington Rd, South Windsor, CT 06074"
Samuel Arnold,samuel.arnold.superkewlparent@gmail.com,"294 Palisado Ave, Windsor, CT 06095"
Lillie Pizzo,lillie.pizzo@gmail.com,"109 Frog Hollow Rd, Ellington, CT 06029"
Shelby Beck,shelby.beck@gmail.com,"1 Winthrop Rd, Windsor, CT 06095"
Vicki Thompson,vicki.thompson.1@gmail.com,"309 Scantic Rd, East Windsor, CT 06088"
Shirley Baker,shirley.baker@gmail.com,"98 Melody Ln, East Hartford, CT 06118"
Helen Carlson,helen.carlson@gmail.com,"207 Main St, South Windsor, CT 06074"
Anita Freeman,anita.freeman@gmail.com,"50 Windsorville Rd, Vernon, CT 06066"
William Tate,william.tate.99@gmail.com,"229 S Main St, East Windsor, CT 06088"
Ruby Ortiz,ruby.ortiz.superkewlparent@gmail.com,"113 Shallowbrook Ln, Manchester, CT 06040"
Donald Cox,donald.cox@gmail.com,"299 Bobby Ln, Manchester, CT 06040"
Jessica Cook,jessica.cook.superkewlparent@gmail.com,"284 Oak Grove St, Manchester, CT 06040"
Mary Coggins,mary.coggins.superkewlparent@gmail.com,"1079 Hebron Ave, Glastonbury, CT 06033"
Cedric Soukup,cedric.soukup.99@gmail.com,"105 Carter St, Bolton, CT 06043"
Albert Vidal,albert.vidal.420@gmail.com,"94 Pine St, Manchester, CT 06040"
Lora Bradley,lora.bradley@gmail.com,"9 Sunrise Dr, Manchester, CT 06040"
Christine Scott,christine.scott.superkewlparent@gmail.com,"457 Main St, South Windsor, CT 06074"
Flora Vanderkam,flora.vanderkam.1@gmail.com,"57 Burgess Rd, South Windsor, CT 06074"
Sandra Moser,sandra.moser.420@gmail.com,"328 Lake St, Vernon, CT 06066"
Phyllis Kloepper,phyllis.kloepper@gmail.com,"142 Chamberlain Rd, Broad Brook, CT 06016"
Paul Fink,paul.fink@gmail.com,"180 Tromley Rd, East Windsor, CT 06088"
James Lee,james.lee@gmail.com,"32 House St, Glastonbury, CT 06033"
Curtis Melton,curtis.melton@gmail.com,"8 Foster Rd, South Windsor, CT 06074"
Donald Williams,donald.williams.420@gmail.com,"437 Foster St, South Windsor, CT 06074"
Gavin Alley,gavin.alley@gmail.com,"1 Windy Hill Dr, South Windsor, CT 06074"
Stanley Webster,stanley.webster.99@gmail.com,"252 Wetherell St, Manchester, CT 06040"
Mary Dasilva,mary.dasilva@gmail.com,"550 Lydall St, Manchester, CT 06042"
Bonnie Underwood,bonnie.underwood.1@gmail.com,"104 Phelps Rd, East Windsor, CT 06088"
Lanny Seeds,lanny.seeds.99@gmail.com,"1462 Hebron Ave, Glastonbury, CT 06033"
Heather Padgett,heather.padgett@gmail.com,"9 Fiano Rd, Bolton, CT 06043"
Douglas Graham,douglas.graham@gmail.com,"170 Leverich Dr, East Hartford, CT 06108"
Elaine Billingsley,elaine.billingsley.420@gmail.com,"9 Grady Rd, Vernon, CT 06066"
Lillian Brooks,lillian.brooks.1@gmail.com,"98 Willow Stream Dr, Vernon, CT 06066"
Linda Sarro,linda.sarro.420@gmail.com,"20 Lindbergh Dr, Hartford, CT 06114"
John Dunnings,john.dunnings.superkewlparent@gmail.com,"181 Griffin Rd, South Windsor, CT 06074"
Bruce Arriaga,bruce.arriaga.99@gmail.com,"160 Garden Grove Rd, Manchester, CT 06040"
Gail Wilson,gail.wilson.1@gmail.com,"201 Farmstead Dr, South Windsor, CT 06074"
Charles Hernandez,charles.hernandez.420@gmail.com,"42 Spring St, East Hartford, CT 06108"
Mabel Keeton,mabel.keeton.1@gmail.com,"207 Batchelder Rd, Windsor, CT 06095"
John Simmering,john.simmering.1@gmail.com,"2389 Main St, Glastonbury, CT 06033"
Gladys Haygood,gladys.haygood@gmail.com,"2 Vibert Rd, South Windsor, CT 06074"
George Palomo,george.palomo@gmail.com,"153 Summerset Dr, East Hartford, CT 06118"
Viola Larsen,viola.larsen@gmail.com,"856 Sullivan Ave, South Windsor, CT 06074"
Charles Ball,charles.ball@gmail.com,"1913 Main St, East Hartford, CT 06108"
Diana Hirsch,diana.hirsch.99@gmail.com,"11 Shadycrest Dr, East Hartford, CT 06118"
Norma Trejo,norma.trejo@gmail.com,"321 Burnside Ave, East Hartford, CT 06108"
Nancy Farris,nancy.farris@gmail.com,"2233 Main St, Glastonbury, CT 06033"
Victor Parker,victor.parker.420@gmail.com,"8 Nutmeg Dr, Ellington, CT 06029"
Isabelle Johnson,isabelle.johnson.99@gmail.com,"752 Strong Rd, South Windsor, CT 06074"
Ashley Wolfe,ashley.wolfe.1@gmail.com,"10 Glastonbury Pl, Glastonbury, CT 06033"
Mary Vance,mary.vance@gmail.com,"1400 Sullivan Ave, South Windsor, CT 06074"
Olga Hendrix,olga.hendrix@gmail.com,"4 Dimock Ln, Bolton, CT 06043"
Marlene Cotta,marlene.cotta.99@gmail.com,"826 Callihan Dr, Springdale, AR 72762"
Roy Robinson,roy.robinson.superkewlparent@gmail.com,"898 Co Rd 917, Springdale, AR 72762"
Cynthia Vernon,cynthia.vernon@gmail.com,"3896 W Weir Rd, Fayetteville, AR 72704"
Tammy Osgood,tammy.osgood@gmail.com,"15483 Riches Rd, Fayetteville, AR 72704"
Dorothy Russell,dorothy.russell@gmail.com,"2899 N Sunny Ln, Fayetteville, AR 72703"
Douglas Wroblewski,douglas.wroblewski@gmail.com,"16339 Little Rd, Fayetteville, AR 72704"
Betty Otey,betty.otey@gmail.com,"3428 E Joyce Blvd, Fayetteville, AR 72703"
Christopher Bellinger,christopher.bellinger.99@gmail.com,"491 E Fairway Ln, Fayetteville, AR 72701"
Nancy Williams,nancy.williams@gmail.com,"10977 Sunrise Ln, Farmington, AR 72730"
Lewis King,lewis.king@gmail.com,"3092 E Stone Mountain Dr, Fayetteville, AR 72701"
Angie Mercer,angie.mercer@gmail.com,"14 Co Rd 27, Farmington, AR 72730"
David Yau,david.yau@gmail.com,"150 E Davidson St, Fayetteville, AR 72701"
Alfonzo Johnson,alfonzo.johnson.420@gmail.com,"718 Janet St, Springdale, AR 72762"
Dean King,dean.king@gmail.com,"599 E Evergreen Ln, Fayetteville, AR 72703"
Ellen Brown,ellen.brown@gmail.com,"5078 Delilah Ln, Fayetteville, AR 72704"
Susan Mcintyre,susan.mcintyre@gmail.com,"13110 E Wallin Mountain Rd, Fayetteville, AR 72701"
Charles Bezio,charles.bezio@gmail.com,"10219 Co Rd 258, Prairie Grove, AR 72753"
Titus Duffey,titus.duffey@gmail.com,"22 S Stone Bridge Rd, Fayetteville, AR 72701"
Krystal Barber,krystal.barber@gmail.com,"2934 Brandon Cir, Fayetteville, AR 72703"
John Rosenthal,john.rosenthal@gmail.com,"299 Cross Ave, Fayetteville, AR 72701"
Desiree Ling,desiree.ling.superkewlparent@gmail.com,"17899 Clear Water Rd, Springdale, AR 72762"
Susan Geis,susan.geis.superkewlparent@gmail.com,"2498 Worthington Way, Fayetteville, AR 72703"
Larry Light,larry.light.1@gmail.com,"101 N Crossover Rd, Fayetteville, AR 72701"
Ethel Stephenson,ethel.stephenson@gmail.com,"3269 State Hwy 45, Fayetteville, AR 72703"
Angela Martin,angela.martin@gmail.com,"901 Eastwood Dr, Fayetteville, AR 72701"
Judy English,judy.english@gmail.com,"3902 Johnson Rd, Springdale, AR 72762"
Alberta Curry,alberta.curry@gmail.com,"691 Klenc Rd, Springdale, AR 72762"
Patrick Briney,patrick.briney@gmail.com,"6864 Dearing Rd, Springdale, AR 72762"
Kasha Hernandez,kasha.hernandez.superkewlparent@gmail.com,"3998 Johnson Rd, Springdale, AR 72762"
Juan Lowery,juan.lowery@gmail.com,"4903 S 48th St, Springdale, AR 72762"
William Foy,william.foy@gmail.com,"6697 County Rd 84, Fayetteville, AR 72704"
Helen Storms,helen.storms.420@gmail.com,"1596 E Steele Rd, Springdale, AR 72762"
John Warren,john.warren@gmail.com,"2863 N Gregg Ave, Fayetteville, AR 72703"
Kenneth Sowell,kenneth.sowell@gmail.com,"3842 Shorts Ln, Springdale, AR 72764"
Miguel Wright,miguel.wright@gmail.com,"1801 Pine Valley Dr, Fayetteville, AR 72704"
Karen Woody,karen.woody@gmail.com,"1809 E Rolling Hills Dr, Fayetteville, AR 72703"
Mabel Mcpherson,mabel.mcpherson@gmail.com,"888 N Cato Springs Rd, Fayetteville, AR 72701"
Mary Rasco,mary.rasco@gmail.com,"3494 S Eliza Ln, Farmington, AR 72730"
Shirley Padgett,shirley.padgett.superkewlparent@gmail.com,"3093 Co Rd 265, Farmington, AR 72730"
Connie Neff,connie.neff.420@gmail.com,"2076 N Chestnut Ave, Fayetteville, AR 72703"
Erlinda Matthews,erlinda.matthews.99@gmail.com,"3227 W Henri De Tonti Blvd, Springdale, AR 72762"
Louise Vega,louise.vega@gmail.com,"117 Wesley Stevens Rd, Farmington, AR 72730"
Marta Lopes,marta.lopes@gmail.com,"1239 Valle Ln, Springdale, AR 72762"
John Main,john.main.99@gmail.com,"811 E Huntsville Rd, Fayetteville, AR 72701"
Evelyn Shiba,evelyn.shiba@gmail.com,"1619 W Sunrise Mountain Rd, Fayetteville, AR 72701"
Juan Nassar,juan.nassar@gmail.com,"1671 Colonnade Dr, Fayetteville, AR 72701"
Frank Washington,frank.washington.420@gmail.com,"1817 Co Rd 31, Springdale, AR 72762"
Nancy Beard,nancy.beard@gmail.com,"14085 Wesley Stevens Rd, Farmington, AR 72730"
Dennis Chang,dennis.chang@gmail.com,"710 E Douglas St, Prairie Grove, AR 72753"
Seth Morgan,seth.morgan.1@gmail.com,"12388 Arbor Acres Ave, Springdale, AR 72762"
Charles Zanghi,charles.zanghi.420@gmail.com,"435 W Willoughby Rd, Fayetteville, AR 72701"
Sabra Taylor,sabra.taylor@gmail.com,"633 Arroyo St, Farmington, AR 72730"
Thomas Huggins,thomas.huggins@gmail.com,"1398 State Hwy 45, Fayetteville, AR 72701"
Terra Thomas,terra.thomas@gmail.com,"13377 Williams Rd, Farmington, AR 72730"
Gerald Smith,gerald.smith.1@gmail.com,"12801 Triston Ln, Farmington, AR 72730"
Doris Buchanan,doris.buchanan@gmail.com,"1710 Price Ave, Fayetteville, AR 72701"
Benjamin Demopoulos,benjamin.demopoulos@gmail.com,"8688 W Astoria Ln, Fayetteville, AR 72704"
Melissa Brown,melissa.brown@gmail.com,"12134 Co Rd 19, Farmington, AR 72730"
Donald Torres,donald.torres@gmail.com,"5391 County Rd 84, Fayetteville, AR 72704"
Lisa Woody,lisa.woody@gmail.com,"1125 E Zion Rd, Fayetteville, AR 72703"
Betty Romo,betty.romo@gmail.com,"1181 E Heritage Pkwy, Prairie Grove, AR 72753"
Kelli Black,kelli.black@gmail.com,"76 White St, Farmington, AR 72730"
Phyllis Newell,phyllis.newell.1@gmail.com,"1102 Cheatham Ave, Springdale, AR 72764"
Anna Schlesser,anna.schlesser@gmail.com,"12401 W Ervan Beeks Rd, Farmington, AR 72730"
John Beckman,john.beckman@gmail.com,"4195 W Anthem Dr, Fayetteville, AR 72704"
Robert Johnson,robert.johnson@gmail.com,"1560 E Tanager Ln, Fayetteville, AR 72701"
Karen Lawrence,karen.lawrence@gmail.com,"13939 Cardinal Ln, Fayetteville, AR 72704"
Myrtle Russ,myrtle.russ@gmail.com,"11776 Pepperidge Rd, Prairie Grove, AR 72753"
Heather Mitchell,heather.mitchell@gmail.com,"3280 Wc 200, Fayetteville, AR 72701"
Carolyn Robbins,carolyn.robbins@gmail.com,"11823 Little Elm Rd, Farmington, AR 72730"
Edward May,edward.may.99@gmail.com,"101 N Shiloh Dr, Fayetteville, AR 72704"
Leona Walker,leona.walker@gmail.com,"1684 Harmon Rd, Fayetteville, AR 72704"
Kimberly Barrows,kimberly.barrows@gmail.com,"1325 N Heritage Ave, Fayetteville, AR 72704"
Benjamin Lee,benjamin.lee.99@gmail.com,"1233 Arbor Acres Ave, Springdale, AR 72762"
Rose Sittloh,rose.sittloh@gmail.com,"13798 Co Rd 602, Farmington, AR 72730"
Natasha Peterson,natasha.peterson.superkewlparent@gmail.com,"2169 N Double Springs Rd, Fayetteville, AR 72704"
Ken Fortenberry,ken.fortenberry@gmail.com,"875 S Pianalto Rd, Springdale, AR 72762"
Eugene King,eugene.king@gmail.com,"2010 W Heck St, Fayetteville, AR 72703"
Jennifer Wallace,jennifer.wallace@gmail.com,"1555 S Crews Ln, Fayetteville, AR 72701"
James Peterson,james.peterson.1@gmail.com,"4697 W Finger Rd, Fayetteville, AR 72701"
Tara Duncan,tara.duncan@gmail.com,"1000 E Township St, Fayetteville, AR 72703"
Margie Garcia,margie.garcia@gmail.com,"3686 W Maclura Way, Fayetteville, AR 72704"
Matthew Williamson,matthew.williamson@gmail.com,"2638 W Hwy 62, Farmington, AR 72730"
William Daniels,william.daniels.1@gmail.com,"14331 White Oak Rd, Fayetteville, AR 72704"
Kelly Rubio,kelly.rubio@gmail.com,"4073 N Winterberry Loop, Fayetteville, AR 72703"
Shawn Cavanaugh,shawn.cavanaugh@gmail.com,"14091 Williams Rd, Farmington, AR 72730"
Pearl Beard,pearl.beard@gmail.com,"3656 Dead Horse Mountain Rd, Fayetteville, AR 72701"
Eric Mote,eric.mote.superkewlparent@gmail.com,"4604 W Persimmon St, Fayetteville, AR 72704"
Gail Mcrae,gail.mcrae.superkewlparent@gmail.com,"2209 Wc Rd 2033, Springdale, AR 72762"
Manuel Ring,manuel.ring.superkewlparent@gmail.com,"2002 Bluebird Dr, Springdale, AR 72764"
Melva Hooker,melva.hooker@gmail.com,"4301 W Weir Rd, Fayetteville, AR 72704"
John Carter,john.carter@gmail.com,"763 Co Rd 883, Springdale, AR 72762"
Ashley Duhamel,ashley.duhamel@gmail.com,"4500 S School Ave, Fayetteville, AR 72701"
Andrea Franklin,andrea.franklin.1@gmail.com,"16403 Little Rd, Fayetteville, AR 72704"
Brian Smith,brian.smith.99@gmail.com,"13882 Goose Creek Rd, Fayetteville, AR 72704"
Tameka Joseph,tameka.joseph@gmail.com,"1364 E Sequoyah Ct, Fayetteville, AR 72701"
Thomas Krupka,thomas.krupka.99@gmail.com,"131 NW Campbell Loop, Fayetteville, AR 72701"
Jonathon Ingwersen,jonathon.ingwersen@gmail.com,"4001 S Turner St, Springdale, AR 72764"
Grace Nixon,grace.nixon.420@gmail.com,"13799 Amber Ln, Farmington, AR 72730"
Marguerite Juran,marguerite.juran.1@gmail.com,"3209 Wildcat Creek Blvd, Fayetteville, AR 72704"
Shelton Moody,shelton.moody@gmail.com,"8177 N Lamar St, Arvada, CO 80003"
Tonya Spencer,tonya.spencer@gmail.com,"10977 Jay St, Westminster, CO 80020"
Floyd Manzione,floyd.manzione@gmail.com,"2988 Isabell Ct, Golden, CO 80401"
Dorothy Munos,dorothy.munos@gmail.com,"350 Interlocken Pkwy, Broomfield, CO 80021"
John Goodrum,john.goodrum.superkewlparent@gmail.com,"14279 W 44th Dr, Golden, CO 80403"
Gloria Thomason,gloria.thomason@gmail.com,"9650 W City Center Dr, Westminster, CO 80031"
Derrick Jutras,derrick.jutras.420@gmail.com,"5501 Grove St, Denver, CO 80221"
Christie Smock,christie.smock@gmail.com,"3648 Benton St, Wheat Ridge, CO 80212"
Carol Artrip,carol.artrip.420@gmail.com,"14287 Co Rd 128, Broomfield, CO 80021"
Angela Hernandez,angela.hernandez@gmail.com,"5520 W 118th Pl, Westminster, CO 80020"
Sandy Bell,sandy.bell.99@gmail.com,"10444 Indiana St, Westminster, CO 80005"
Gustavo Malone,gustavo.malone.superkewlparent@gmail.com,"3698 Quay St, Wheat Ridge, CO 80033"
Hugh Richards,hugh.richards@gmail.com,"8339 Turnpike Dr, Westminster, CO 80031"
Travis Thomas,travis.thomas@gmail.com,"925 Maddox Ct, Broomfield, CO 80023"
Nina Harlan,nina.harlan@gmail.com,"4855 Miller St, Wheat Ridge, CO 80033"
Marsha Alnutt,marsha.alnutt@gmail.com,"5704 Yank St, Arvada, CO 80002"
Jason Morgan,jason.morgan.420@gmail.com,"2598 Gilpin St, Denver, CO 80205"
Lyle Lewis,lyle.lewis@gmail.com,"13670 Grant St, Thornton, CO 80023"
Barbara Reynolds,barbara.reynolds.420@gmail.com,"7399 W 48th Ave, Wheat Ridge, CO 80033"
Martha Dyer,martha.dyer@gmail.com,"360 Interlocken Blvd, Broomfield, CO 80021"
Jeane Frantz,jeane.frantz.99@gmail.com,"8801 W 102nd Ave, Westminster, CO 80021"
Lydia Calhoun,lydia.calhoun.99@gmail.com,"4441 Indiana St, Golden, CO 80403"
Brian Harding,brian.harding@gmail.com,"8919 Devinney Ct, Arvada, CO 80005"
Bernice Shipman,bernice.shipman.99@gmail.com,"9249 Bryant Dr, Federal Heights, CO 80260"
Elizabeth Beisch,elizabeth.beisch@gmail.com,"10501 Paley St, Northglenn, CO 80234"
Douglas Ramirez,douglas.ramirez.420@gmail.com,"3498 Dudley St, Wheat Ridge, CO 80033"
Michael Lovaglio,michael.lovaglio.1@gmail.com,"5987 Wadsworth Bypass, Arvada, CO 80003"
Lucie Zmolek,lucie.zmolek@gmail.com,"555 W 112th Ave, Northglenn, CO 80234"
Andrew Beck,andrew.beck.99@gmail.com,"5422 Aspen Creek Dr, Broomfield, CO 80020"
Stacy Jungling,stacy.jungling.superkewlparent@gmail.com,"11899 W 112th Ave, Broomfield, CO 80021"
Elijah Barksdale,elijah.barksdale@gmail.com,"12771 Meadowlark Ln, Broomfield, CO 80021"
Traci Hartsfield,traci.hartsfield.420@gmail.com,"12645 Huron St, Westminster, CO 80234"
Victor Crowe,victor.crowe.1@gmail.com,"7316 W 90th Ave, Westminster, CO 80021"
Tina Trevino,tina.trevino@gmail.com,"6801 Kipling St, Arvada, CO 80004"
Pamela Desilva,pamela.desilva@gmail.com,"15131 W 32nd Pl, Golden, CO 80401"
Jacqueline Evans,jacqueline.evans.superkewlparent@gmail.com,"4350 W 46th Ave, Denver, CO 80212"
Dorothy Newell,dorothy.newell@gmail.com,"8149 Cody Ct, Arvada, CO 80005"
Don Mankin,don.mankin.420@gmail.com,"4339 Jellison St, Wheat Ridge, CO 80033"
Daryl Brown,daryl.brown@gmail.com,"7469 Wadsworth Blvd, Arvada, CO 80003"
Moshe Gray,moshe.gray.superkewlparent@gmail.com,"3865 Field St, Wheat Ridge, CO 80033"
Herbert Burke,herbert.burke@gmail.com,"1200 E 58th Ave, Denver, CO 80216"
Raeann Young,raeann.young.420@gmail.com,"11389 Main St, Broomfield, CO 80020"
Joshua Hill,joshua.hill.99@gmail.com,"1175 E 130th Ave, Thornton, CO 80241"
Reed Hamilton,reed.hamilton@gmail.com,"4950 Allison St, Arvada, CO 80002"
Stevie Martinez,stevie.martinez@gmail.com,"1301 Holly Dr E, Broomfield, CO 80020"
Wilma Osher,wilma.osher@gmail.com,"2201 Sheridan Boulevard, Denver, CO 80214"
Richard Gilstrap,richard.gilstrap@gmail.com,"6281 Everett Ct, Arvada, CO 80004"
Tiffany Kwan,tiffany.kwan.420@gmail.com,"3100 W 47th Ave, Denver, CO 80211"
Joan York,joan.york.superkewlparent@gmail.com,"6992 Alan Dr, Denver, CO 80221"
Abraham Tull,abraham.tull.superkewlparent@gmail.com,"2771 Ridge Dr, Broomfield, CO 80020"
Alberta Grayson,alberta.grayson@gmail.com,"6043 Huron St, Denver, CO 80221"
Eric Davis,eric.davis.99@gmail.com,"800 Eldorado Blvd, Broomfield, CO 80021"
Morris Crews,morris.crews.superkewlparent@gmail.com,"9445 Alkire St, Arvada, CO 80005"
Bennie Ocasio,bennie.ocasio@gmail.com,"11996 Ridge Pkwy, Broomfield, CO 80021"
John Wahlert,john.wahlert@gmail.com,"12205 Perry St, Broomfield, CO 80020"
Lucas Mustard,lucas.mustard.420@gmail.com,"960 W 112th Ave UNIT 1703, Northglenn, CO 80234"
Shannon Nesbitt,shannon.nesbitt@gmail.com,"10323 Wadsworth Pkwy, Westminster, CO 80021"
Jerome Pruett,jerome.pruett@gmail.com,"11399 W 75th Pl, Arvada, CO 80005"
Ronald Cato,ronald.cato@gmail.com,"79 W 56th Ave, Denver, CO 80216"
George Sims,george.sims@gmail.com,"11600 Ridge Pkwy, Broomfield, CO 80021"
Margaret Cummings,margaret.cummings@gmail.com,"14180 W 86th Pl, Arvada, CO 80005"
Robert Provost,robert.provost.1@gmail.com,"9017 Federal Blvd, Denver, CO 80260"
Jennifer Guida,jennifer.guida@gmail.com,"8086 W 52nd Ave, Arvada, CO 80002"
Nancy Delacruz,nancy.delacruz.420@gmail.com,"4580 W 120th Ave, Broomfield, CO 80020"
Leslie Harrison,leslie.harrison.420@gmail.com,"2032 E 138th Ave, Brighton, CO 80602"
Ivan Bethea,ivan.bethea@gmail.com,"12091 N Pecos St, Westminster, CO 80234"
Mary Conley,mary.conley.99@gmail.com,"4754 Shoshone St, Denver, CO 80211"
Richard Black,richard.black.1@gmail.com,"9111 Benton St, Westminster, CO 80031"
Lee Murphy,lee.murphy.420@gmail.com,"7499 W 75th Ave, Arvada, CO 80003"
Jennifer Farrell,jennifer.farrell.1@gmail.com,"9861 Pennsylvania Dr, Thornton, CO 80229"
Wayne Hammond,wayne.hammond.99@gmail.com,"8701 Irving St, Westminster, CO 80031"
Donald Mclaren,donald.mclaren.superkewlparent@gmail.com,"10801 Legacy Ridge Pkwy, Westminster, CO 80031"
Arlyne Blake,arlyne.blake.99@gmail.com,"6070 Everett St, Arvada, CO 80004"
Anthony Wenning,anthony.wenning@gmail.com,"4862 W Interstate 70 Frontage Rd N, Wheat Ridge, CO 80033"
Kristopher Guglielmo,kristopher.guglielmo.420@gmail.com,"5827 29th St, Wheat Ridge, CO 80214"
Lou Westlund,lou.westlund.420@gmail.com,"1899 W 33rd Ave, Denver, CO 80211"
Richard Baker,richard.baker.1@gmail.com,"2077 Ridge Dr, Broomfield, CO 80020"
Maria Chambers,maria.chambers.1@gmail.com,"4199 W 85th Ave, Westminster, CO 80031"
Eddie Teeters,eddie.teeters.420@gmail.com,"649 Cragmore St, Denver, CO 80221"
Jaime Donahue,jaime.donahue@gmail.com,"11572 Community Center Dr, Northglenn, CO 80233"
Amanda Renk,amanda.renk.1@gmail.com,"698 Oxford Way, Superior, CO 80027"
Louis Gross,louis.gross@gmail.com,"1870 W 122nd Ave Suite 300, Westminster, CO 80234"
Brent Janusz,brent.janusz.superkewlparent@gmail.com,"11079 Cotton Creek Dr, Westminster, CO 80031"
Daniel Tignor,daniel.tignor@gmail.com,"4400 W 44th Ave, Denver, CO 80212"
Marcia Martinez,marcia.martinez.420@gmail.com,"11447 Broomfield Ln, Broomfield, CO 80021"
Stacy Maynard,stacy.maynard.420@gmail.com,"11682 W 72nd Ave, Arvada, CO 80005"
Ruth Gordon,ruth.gordon.420@gmail.com,"3752 W 105th Dr, Westminster, CO 80031"
Clifford Kennedy,clifford.kennedy.420@gmail.com,"2800 Calkins Pl, Broomfield, CO 80020"
Ernesto Cash,ernesto.cash@gmail.com,"1398 Nissen Pl, Broomfield, CO 80020"
Gladys Brewer,gladys.brewer@gmail.com,"2932 W Yarrow Dr, Superior, CO 80027"
William Cole,william.cole@gmail.com,"11700 Carmel Dr, Lakewood, CO 80215"
Kimberly Trexler,kimberly.trexler@gmail.com,"10200 Co Rd 181, Wheat Ridge, CO 80033"
Ross Cutler,ross.cutler.420@gmail.com,"8251 Otis Ct, Arvada, CO 80003"
Francis Brown,francis.brown.99@gmail.com,"4792 W 112th Ave, Westminster, CO 80031"
Ronald Copes,ronald.copes.1@gmail.com,"6928 Broadway, Denver, CO 80221"
Ashley Puente,ashley.puente@gmail.com,"4201 Vivian St, Wheat Ridge, CO 80033"
Saundra Christian,saundra.christian.1@gmail.com,"29 N Elm Ct, Federal Heights, CO 80260"
Tammy Church,tammy.church.superkewlparent@gmail.com,"2276 Maple St, Thornton, CO 80260"
Lawerence Warren,lawerence.warren@gmail.com,"4790 W Byron Pl, Denver, CO 80212"
Philip Bell,philip.bell@gmail.com,"11936 Peakview Ln, Broomfield, CO 80021"
Louise Trinklein,louise.trinklein@gmail.com,"3199 River Dr, Thunderbolt, GA 31404"
Jeremy Seiter,jeremy.seiter.1@gmail.com,"1 Fort Jackson Rd, Savannah, GA 31404"
Donald Coleman,donald.coleman.1@gmail.com,"235 Hutchinson Island Rd, Savannah, GA 31421"
Valerie Baskin,valerie.baskin@gmail.com,"235 Hutchinson Island Rd, Savannah, GA 31401"
James Crogan,james.crogan.superkewlparent@gmail.com,"52 Mulberry Bluff Dr, Savannah, GA 31406"
Grace Melendez,grace.melendez.420@gmail.com,"7212 Garfield St, Savannah, GA 31406"
Toni Lee,toni.lee@gmail.com,"894 Wilmington Island Rd, Wilmington Island, GA 31410"
Maurice Park,maurice.park@gmail.com,"2641 Speedway Blvd, Hardeeville, SC 29927"
Teresa Ricciardi,teresa.ricciardi@gmail.com,"7977 White Bluff Rd, Savannah, GA 31406"
Mildred Brandon,mildred.brandon@gmail.com,"28 Silverstone Cir, Savannah, GA 31406"
Lakita Finley,lakita.finley.1@gmail.com,"147 Cardinal St, Savannah, GA 31406"
Johnathan Keele,johnathan.keele.1@gmail.com,"8871 Harmon Bluff Rd, Savannah, GA 31406"
Donald Smith,donald.smith@gmail.com,"101 Winterberry Dr, Savannah, GA 31406"
Jesus Morrison,jesus.morrison.420@gmail.com,"3998 3rd St, Garden City, GA 31408"
Steven Kallevig,steven.kallevig@gmail.com,"1346 Alfred St, Garden City, GA 31408"
Lorraine Smith,lorraine.smith@gmail.com,"4110 Ogeechee Rd, Savannah, GA 31405"
Jaime Busby,jaime.busby@gmail.com,"422 Woodcliff Dr, Savannah, GA 31406"
Kenneth Craig,kenneth.craig@gmail.com,"330 Oxford Dr, Savannah, GA 31405"
Audrey Webb,audrey.webb@gmail.com,"601 Brewer St, Savannah, GA 31401"
Ricky Carlson,ricky.carlson.420@gmail.com,"2602 Causton Bluff Rd, Savannah, GA 31404"
Joseph Belinsky,joseph.belinsky.1@gmail.com,"6 Commerce Pl, Savannah, GA 31406"
Maria Dodd,maria.dodd@gmail.com,"19 Peachtree Dr, Savannah, GA 31419"
Daniel Hoover,daniel.hoover@gmail.com,"17 Main St, Garden City, GA 31408"
Brandon Prine,brandon.prine@gmail.com,"2638 Norwood Ave, Savannah, GA 31406"
Lawrence Lucas,lawrence.lucas@gmail.com,"3318 Falligant Ave, Thunderbolt, GA 31404"
Kendall Ivey,kendall.ivey@gmail.com,"1101 Wilmington Island Rd, Wilmington Island, GA 31410"
Ada Creed,ada.creed.99@gmail.com,"315 Chatham Villa Dr, Garden City, GA 31408"
Regina Jordan,regina.jordan@gmail.com,"80 East St, Savannah, GA 31410"
Ryan Sollenberger,ryan.sollenberger@gmail.com,"1223 Beckman Ave, Savannah, GA 31406"
Bruce Moreschi,bruce.moreschi@gmail.com,"200 Clifton Dr, Savannah, GA 31407"
Brett Palencia,brett.palencia.superkewlparent@gmail.com,"5499 Skidaway Rd, Savannah, GA 31406"
Robert Ray,robert.ray@gmail.com,"4033 Bellinger Hill Rd, Hardeeville, SC 29927"
Judi Smith,judi.smith.420@gmail.com,"19 Knollwood Cir, Savannah, GA 31419"
Jeanne White,jeanne.white@gmail.com,"98 Topsail Ct, Savannah, GA 31411"
Edith Lazo,edith.lazo@gmail.com,"1231 Shannon Ave, Savannah, GA 31406"
Charlotte Kirby,charlotte.kirby.420@gmail.com,"2 Seneca Rd, Savannah, GA 31406"
Arturo Mcswain,arturo.mcswain@gmail.com,"3 O S C A Rd, Savannah, GA 31411"
Judith Paoli,judith.paoli.99@gmail.com,"190 Red Gate Farms Trail, Savannah, GA 31405"
Florence Laplant,florence.laplant@gmail.com,"4320 Perimeter Rd, Savannah, GA 31409"
Melissa Jedele,melissa.jedele@gmail.com,"2099 Alaska St, Savannah, GA 31404"
John Hodges,john.hodges@gmail.com,"1196 W Gwinnett St, Savannah, GA 31415"
John Nightingale,john.nightingale@gmail.com,"1767 Wilmington Island Rd, Wilmington Island, GA 31410"
Roy Mertz,roy.mertz@gmail.com,"1951 Medford Ave, Savannah, GA 31405"
Robin Farry,robin.farry@gmail.com,"2199 Atlantic Ave, Savannah, GA 31401"
Pete Williams,pete.williams@gmail.com,"2514 Abercorn Street, Savannah, GA 31401"
John Owens,john.owens@gmail.com,"3454 Speedway Blvd, Hardeeville, SC 29927"
David Tyler,david.tyler.1@gmail.com,"1 Grange Rd, Savannah, GA 31407"
Ann Baldwin,ann.baldwin@gmail.com,"800 Talmadge Ave, Garden City, GA 31408"
Rhonda Martindale,rhonda.martindale@gmail.com,"2398 E 41st St, Savannah, GA 31404"
Arthur Collier,arthur.collier@gmail.com,"316 Mitchell Blvd, Savannah, GA 31409"
John Capaldi,john.capaldi.99@gmail.com,"512 Perimeter Rd, Savannah, GA 31405"
Lynn Lafferty,lynn.lafferty@gmail.com,"25 Liberty Creek Dr, Savannah, GA 31406"
Marguerite Strayer,marguerite.strayer.1@gmail.com,"3999 Habersham St, Savannah, GA 31405"
Frank Ennis,frank.ennis@gmail.com,"12221 Roger Warlick Dr, Savannah, GA 31419"
Gary Mcguire,gary.mcguire@gmail.com,"2597 Perimeter Rd, Savannah, GA 31409"
Stephen Cummings,stephen.cummings@gmail.com,"7499 Harrock Hall Dr, Savannah, GA 31406"
Joseph Conn,joseph.conn@gmail.com,"4800 Garrard Ave, Savannah, GA 31405"
Esther Doe,esther.doe.99@gmail.com,"1400 Blakeley Rd, Savannah, GA 31406"
John Vue,john.vue.superkewlparent@gmail.com,"711 Barley Dr, Savannah, GA 31410"
Ronald Puhl,ronald.puhl@gmail.com,"1528 Forsyth Rd, Savannah, GA 31406"
Colleen Plemmons,colleen.plemmons@gmail.com,"2 Amelia Ct, Savannah, GA 31405"
Charles Herlocker,charles.herlocker@gmail.com,"2500 New York Ave, Savannah, GA 31404"
Judy Blau,judy.blau@gmail.com,"4700 Dancy St, Savannah, GA 31405"
Lucille Guth,lucille.guth@gmail.com,"798 View Point Dr, Savannah, GA 31406"
Kathy Schloss,kathy.schloss.99@gmail.com,"1498 Wilmington Island Rd, Wilmington Island, GA 31410"
Roberto Kramer,roberto.kramer.420@gmail.com,"115 Riverview Rd, Savannah, GA 31410"
Richard Goldade,richard.goldade.superkewlparent@gmail.com,"1906 Varnedoe Dr, Savannah, GA 31406"
Andy Jenkins,andy.jenkins.420@gmail.com,"98 Anchor Ct, Savannah, GA 31410"
Carmen Patel,carmen.patel.99@gmail.com,"1388 Speedway Blvd, Hardeeville, SC 29927"
Mark Alverez,mark.alverez.1@gmail.com,"298 Bordeaux Ln, Savannah, GA 31419"
Joan Kempf,joan.kempf.1@gmail.com,"1 Lane Ave, Savannah, GA 31405"
Jason Concepcion,jason.concepcion@gmail.com,"8491 Waters Ave, Savannah, GA 31406"
Berta Williams,berta.williams@gmail.com,"107 E Lathrop Ave, Savannah, GA 31415"
John Vu,john.vu@gmail.com,"6089 Acl Blvd, Savannah, GA 31405"
Verdie Gay,verdie.gay@gmail.com,"197 Carl Griffin Dr, Savannah, GA 31405"
Deborah Keith,deborah.keith@gmail.com,"12500 Apache Ave, Savannah, GA 31419"
Mitchell Rivas,mitchell.rivas@gmail.com,"399 E 46th St, Savannah, GA 31405"
James Bastian,james.bastian@gmail.com,"4037 Kessler Ave, Garden City, GA 31408"
Colleen Harris,colleen.harris@gmail.com,"1530 E 51st St, Savannah, GA 31404"
Mui Stout,mui.stout.420@gmail.com,"3650 Speedway Blvd, Hardeeville, SC 29927"
Randy Sanchez,randy.sanchez.superkewlparent@gmail.com,"2375 Tremont Rd, Savannah, GA 31405"
Cynthia Schmid,cynthia.schmid.420@gmail.com,"4165 Colt Rd, Savannah, GA 31405"
Kimberly White,kimberly.white@gmail.com,"99 Spring Marsh Cir, Savannah, GA 31411"
Amanda Holman,amanda.holman@gmail.com,"3690 Bellinger Hill Rd, Hardeeville, SC 29927"
Georgette Demmons,georgette.demmons@gmail.com,"1 Stephenson Ave, Savannah, GA 31405"
Tiffany Cantwell,tiffany.cantwell.superkewlparent@gmail.com,"1409 N Lightning Rd, Savannah, GA 31406"
Guadalupe Hurst,guadalupe.hurst@gmail.com,"445 Buckhalter Rd, Savannah, GA 31405"
Cecilia Davis,cecilia.davis@gmail.com,"293 Flonnel Ave, Port Wentworth, GA 31407"
Edward Weber,edward.weber@gmail.com,"2101 Louis Mills Blvd, Savannah, GA 31405"
Riley Elrod,riley.elrod.superkewlparent@gmail.com,"646 Bourne Ave, Garden City, GA 31408"
Michael Webb,michael.webb@gmail.com,"4131 Ogeechee Rd Suite 127, Savannah, GA 31405"
Willie Romero,willie.romero@gmail.com,"1010 Ashley Rd, Savannah, GA 31410"
Chad Hansen,chad.hansen@gmail.com,"98 Briarwood Dr, Garden City, GA 31408"
Velda Raborn,velda.raborn.420@gmail.com,"70 Brampton Rd, Garden City, GA 31408"
Samuel Mumaw,samuel.mumaw.99@gmail.com,"96 Lands End Cir, Savannah, GA 31406"
Wilfred Valentin,wilfred.valentin.superkewlparent@gmail.com,"1287 Beckman Ave, Savannah, GA 31406"
Stanley Maze,stanley.maze.99@gmail.com,"200 D Ct, Savannah, GA 31404"
Christina Bradly,christina.bradly.420@gmail.com,"80 W, Garden City, GA 31408"
Angela Graves,angela.graves.superkewlparent@gmail.com,"114 John Eady Ct, Savannah, GA 31405"
James Baker,james.baker@gmail.com,"197 Gulfstream Rd, Savannah, GA 31408"
Adam Baum,atom.bomb@gmail.com,"906 W Trinity Ave, Durham, NC 27701"
Anna Graham,anagram@gmail.com,"916 W Trinity Ave, Durham, NC 27701"
Anna Fender,an.offender@gmail.com,"1009 W Trinity Ave, Durham, NC 27701"
Donald Key,donkey@gmail.com,"1026 W Trinity Ave, Durham, NC 27701"
Earl Lee Riser,early.riser@gmail.com,"601 Watts St, Durham, NC 27701"
Brock Lee,broccoli@gmail.com,"1028 Monmouth Ave, Durham, NC 27703"
Cara Van,caravan@gmail.com,"1025 14 Alley, Durham, NC 27701"
Carrie Oakey,karaoke@gmail.com,"1022 Monmouth Ave, Durham, NC 27701"
Corey Ander,coriander@gmail.com,"1013 Dacian Ave, Durham, NC 27701"
Corey O. Graff,choreograph@gmail.com,"1013 Monmouth Ave, Durham, NC 27701"
Holly Day,holiday@gmail.com,"902 Vickers Ave, Durham, NC 27701"